<?xml version="1.0" encoding="UTF-8"?>
<project-private xmlns="http://www.netbeans.org/ns/project-private/1">
    <editor-bookmarks xmlns="http://www.netbeans.org/ns/editor-bookmarks/2" lastBookmarkId="0"/>
    <open-files xmlns="http://www.netbeans.org/ns/projectui-open-files/2">
        <group>
            <file>file:/C:/Users/josel/OneDrive/Escritorio/SistemaGestionMediaciones/src/requerimentos/DarDeBajaCasos.java</file>
            <file>file:/C:/Users/josel/OneDrive/Escritorio/SistemaGestionMediaciones/src/requerimentos/consultarPagos.java</file>
            <file>file:/C:/Users/josel/OneDrive/Escritorio/SistemaGestionMediaciones/src/requerimentos/InicioSesion.java</file>
            <file>file:/C:/Users/josel/OneDrive/Escritorio/SistemaGestionMediaciones/src/requerimentos/RegistrarPago.java</file>
            <file>file:/C:/Users/josel/OneDrive/Escritorio/SistemaGestionMediaciones/src/requerimentos/Facturacion.java</file>
            <file>file:/C:/Users/josel/OneDrive/Escritorio/SistemaGestionMediaciones/src/requerimentos/RegistrarTurnos.java</file>
            <file>file:/C:/Users/josel/OneDrive/Escritorio/SistemaGestionMediaciones/src/requerimentos/DarDeBajaTurno.java</file>
            <file>file:/C:/Users/josel/OneDrive/Escritorio/SistemaGestionMediaciones/src/requerimentos/GenerarNoCaso.java</file>
            <file>file:/C:/Users/josel/OneDrive/Escritorio/SistemaGestionMediaciones/src/requerimentos/UsuarioActual.java</file>
            <file>file:/C:/Users/josel/OneDrive/Escritorio/SistemaGestionMediaciones/src/requerimentos/consultarTurnos.java</file>
            <file>file:/C:/Users/josel/OneDrive/Escritorio/SistemaGestionMediaciones/src/requerimentos/PagosData.java</file>
            <file>file:/C:/Users/josel/OneDrive/Escritorio/SistemaGestionMediaciones/src/requerimentos/JpanelConImagen.java</file>
            <file>file:/C:/Users/josel/OneDrive/Escritorio/SistemaGestionMediaciones/src/requerimentos/RegistrarUsuario.java</file>
            <file>file:/C:/Users/josel/OneDrive/Escritorio/SistemaGestionMediaciones/src/requerimentos/ActualizarCaso.java</file>
            <file>file:/C:/Users/josel/OneDrive/Escritorio/SistemaGestionMediaciones/src/requerimentos/DesbloquearUsuario.java</file>
            <file>file:/C:/Users/josel/OneDrive/Escritorio/SistemaGestionMediaciones/src/requerimentos/MenuOpciones.java</file>
            <file>file:/C:/Users/josel/OneDrive/Escritorio/SistemaGestionMediaciones/src/requerimentos/Factura.java</file>
            <file>file:/C:/Users/josel/OneDrive/Escritorio/SistemaGestionMediaciones/src/requerimentos/PosponerTurno.java</file>
            <file>file:/C:/Users/josel/OneDrive/Escritorio/SistemaGestionMediaciones/src/requerimentos/consultarCasos.java</file>
        </group>
    </open-files>
</project-private>
